bb up, bb dn, green, red, yellow
50.311883,35.201834,52.985718,52.065259,42.756858
